CREATE TABLE clients (
    client_id CHAR(16) PRIMARY KEY,
    first_name VARCHAR(60) NOT NULL,
	last_name VARCHAR(60) NOT NULL,
    email VARCHAR(50) NOT NULL,
    phone VARCHAR(20) NOT NULL
);

INSERT INTO clients (client_id, first_name, last_name, email, phone) 
VALUES
('CL00000000000001', 'Олексій', 'Іванов', 'oleksii.ivanov@example.com', '+380951234567'),
('CL00000000000002', 'Оксана', 'Коваленко', 'oksana.kovalenko@example.com', '+380991234567'),
('CL00000000000003', 'Андрій', 'Шевченко', 'andrii.shevchenko@example.com', '+380961234567');

CREATE TABLE airports (
    airport_id CHAR(16) PRIMARY KEY,
    name VARCHAR(150) NOT NULL,
    city VARCHAR(100) NOT NULL,
    country VARCHAR(100) NOT NULL
);

INSERT INTO airports(airport_id, name, city, country)
VALUES
('AP00000000000001', 'Boryspil Airport', 'Boryspil', 'Ukraine'),
('AP00000000000002', 'Zhuliany Airport', 'Kyiv', 'Ukraine'),
('AP00000000000003', 'Lviv Airport', '	Lviv', 'Ukraine'),
('AP00000000000004', 'Kharkiv Airport', 'Kharkiv', 'Ukraine'),
('AP00000000000005', 'Odessa Airport', 'Odessa', 'Ukraine'),
('AP00000000000006', 'London Heathrow Airport', 'London', 'United Kingdom'),
('AP00000000000007', 'Paris Charles de Gaulle Airport', 'Paris', 'France'),
('AP00000000000008', 'Frankfurt Airport', 'Frankfurt am Main', 'Germany'),
('AP00000000000009', 'Düsseldorf Airport', 'Düsseldorf', 'Germany'),
('AP00000000000010', 'Denver International Airport', 'Denver', 'United States');

CREATE TABLE flights (
    flight_id CHAR(16) PRIMARY KEY,
    departure_airport_id CHAR(16) NOT NULL,
	departure_date DATE NOT NULL,
    departure_time TIME NOT NULL,
    arrival_airport_id CHAR(16) NOT NULL,
    arrival_date DATE NOT NULL,
	arrival_time TIME NOT NULL,
	FOREIGN KEY (departure_airport_id) REFERENCES airports(airport_id),
	FOREIGN KEY (arrival_airport_id) REFERENCES airports(airport_id)
);

INSERT INTO flights (flight_id, departure_airport_id, departure_date, departure_time, arrival_airport_id, arrival_date, arrival_time)
VALUES
('FL00000000000001', 'AP00000000000001', '2023-03-05', '08:35:00', 'AP00000000000005', '2023-03-05', '10:25:00'),
('FL00000000000002', 'AP00000000000003', '2023-03-06', '13:45:00', 'AP00000000000008', '2023-03-06', '15:55:00'),
('FL00000000000003', 'AP00000000000004', '2023-03-07', '18:20:00', 'AP00000000000006', '2023-03-07', '21:15:00'),
('FL00000000000004', 'AP00000000000009', '2023-03-09', '06:40:00', 'AP00000000000003', '2023-03-09', '09:10:00'),
('FL00000000000005', 'AP00000000000005', '2023-03-10', '16:55:00', 'AP00000000000007', '2023-03-10', '19:20:00'),
('FL00000000000006', 'AP00000000000008', '2023-03-12', '10:15:00', 'AP00000000000004', '2023-03-12', '13:25:00'),
('FL00000000000007', 'AP00000000000006', '2023-03-14', '14:50:00', 'AP00000000000001', '2023-03-14', '18:15:00'),
('FL00000000000008', 'AP00000000000007', '2023-03-16', '08:25:00', 'AP00000000000010', '2023-03-16', '11:50:00'),
('FL00000000000009', 'AP00000000000002', '2023-03-18', '19:00:00', 'AP00000000000005', '2023-03-18', '21:15:00'),
('FL00000000000010', 'AP00000000000009', '2023-03-19', '07:45:00', 'AP00000000000003', '2023-03-19', '10:05:00'),
('FL00000000000011', 'AP00000000000008', '2023-03-21', '12:30:00', 'AP00000000000001', '2023-03-21', '15:25:00'),
('FL00000000000012', 'AP00000000000003', '2023-03-22', '11:10:00', 'AP00000000000006', '2023-03-22', '14:20:00'),
('FL00000000000013', 'AP00000000000010', '2023-03-24', '17:30:00', 'AP00000000000002', '2023-03-25', '01:20:00'),
('FL00000000000014', 'AP00000000000001', '2023-03-26', '09:55:00', 'AP00000000000008', '2023-03-26', '12:10:00'),
('FL00000000000015', 'AP00000000000005', '2023-03-28', '07:20:00', 'AP00000000000007', '2023-03-28', '10:10:00');

CREATE TABLE bookings (
    booking_id CHAR(16) PRIMARY KEY,
    client_id CHAR(16) NOT NULL,
    flight_id CHAR(16) NOT NULL,
    date_booked DATE NOT NULL,
	time_booked TIME NOT NULL,
	FOREIGN KEY (client_id) REFERENCES clients(client_id),
	FOREIGN KEY (flight_id) REFERENCES flights(flight_id)
);

INSERT INTO bookings (booking_id, client_id, flight_id, date_booked, time_booked)
VALUES
('BK00000000000001', 'CL00000000000001', 'FL00000000000007', '2023-03-04', '11:30:00'),
('BK00000000000002', 'CL00000000000001', 'FL00000000000012', '2023-03-05', '14:20:00'),
('BK00000000000003', 'CL00000000000001', 'FL00000000000003', '2023-03-08', '19:45:00'),
('BK00000000000004', 'CL00000000000001', 'FL00000000000001', '2023-03-09', '08:10:00'),
('BK00000000000005', 'CL00000000000001', 'FL00000000000010', '2023-03-10', '16:50:00'),
('BK00000000000006', 'CL00000000000002', 'FL00000000000014', '2023-03-11', '07:20:00'),
('BK00000000000007', 'CL00000000000002', 'FL00000000000009', '2023-03-12', '10:45:00'),
('BK00000000000008', 'CL00000000000002', 'FL00000000000006', '2023-03-13', '14:30:00'),
('BK00000000000009', 'CL00000000000002', 'FL00000000000015', '2023-03-16', '19:00:00'),
('BK00000000000010', 'CL00000000000003', 'FL00000000000005', '2023-03-18', '11:10:00'),
('BK00000000000011', 'CL00000000000003', 'FL00000000000004', '2023-03-20', '17:20:00'),
('BK00000000000012', 'CL00000000000003', 'FL00000000000008', '2023-03-21', '09:40:00'),
('BK00000000000013', 'CL00000000000003', 'FL00000000000002', '2023-03-22', '12:55:00'),
('BK00000000000014', 'CL00000000000003', 'FL00000000000011', '2023-03-23', '16:15:00'),
('BK00000000000015', 'CL00000000000001', 'FL00000000000013', '2023-03-25', '08:00:00'),
('BK00000000000016', 'CL00000000000002', 'FL00000000000007', '2023-03-26', '15:25:00'),
('BK00000000000017', 'CL00000000000002', 'FL00000000000001', '2023-03-28', '11:40:00'),
('BK00000000000018', 'CL00000000000002', 'FL00000000000003', '2023-03-29', '14:50:00'),
('BK00000000000019', 'CL00000000000003', 'FL00000000000008', '2023-03-30', '18:00:00'),
('BK00000000000020', 'CL00000000000003', 'FL00000000000014', '2023-03-31', '21:05:00');

CREATE TABLE tickets (
    ticket_id CHAR(16) PRIMARY KEY,
    booking_id CHAR(16) NOT NULL,
    seat_number VARCHAR(5),
	FOREIGN KEY (booking_id) REFERENCES bookings (booking_id)
);
INSERT INTO tickets (ticket_id, booking_id, seat_number)
VALUES
('TK00000000000001', 'BK00000000000001', '12A'),
('TK00000000000002', 'BK00000000000002', '7B'),
('TK00000000000003', 'BK00000000000003', '18C'),
('TK00000000000004', 'BK00000000000004', '25D'),
('TK00000000000005', 'BK00000000000005', '5F'),
('TK00000000000006', 'BK00000000000006', '11A'),
('TK00000000000007', 'BK00000000000007', '22B'),
('TK00000000000008', 'BK00000000000008', '19C'),
('TK00000000000009', 'BK00000000000009', '15D'),
('TK00000000000010', 'BK00000000000010', '3F'),
('TK00000000000011', 'BK00000000000011', '16A'),
('TK00000000000012', 'BK00000000000012', '21B'),
('TK00000000000013', 'BK00000000000013', '8C'),
('TK00000000000014', 'BK00000000000014', '14D'),
('TK00000000000015', 'BK00000000000015', '7F'),
('TK00000000000016', 'BK00000000000016', '10A'),
('TK00000000000017', 'BK00000000000017', '2B'),
('TK00000000000018', 'BK00000000000018', '4C'),
('TK00000000000019', 'BK00000000000019', '23D'),
('TK00000000000020', 'BK00000000000020', '12F');

CREATE TABLE routes (
    route_id CHAR(16) PRIMARY KEY,
    departure_airport_id CHAR(16) NOT NULL,
    arrival_airport_id CHAR(16) NOT NULL,
	FOREIGN KEY (departure_airport_id) REFERENCES airports (airport_id),
	FOREIGN KEY (arrival_airport_id) REFERENCES airports (airport_id)
);

INSERT INTO routes (route_id, departure_airport_id, arrival_airport_id)
VALUES
('RT00000000000001', 'AP00000000000001', 'AP00000000000005'),
('RT00000000000002', 'AP00000000000003', 'AP00000000000008'),
('RT00000000000003', 'AP00000000000002', 'AP00000000000007'),
('RT00000000000004', 'AP00000000000009', 'AP00000000000006'),
('RT00000000000005', 'AP00000000000004', 'AP00000000000010'),
('RT00000000000006', 'AP00000000000005', 'AP00000000000003'),
('RT00000000000007', 'AP00000000000008', 'AP00000000000001'),
('RT00000000000008', 'AP00000000000007', 'AP00000000000004'),
('RT00000000000009', 'AP00000000000006', 'AP00000000000002'),
('RT00000000000010', 'AP00000000000010', 'AP00000000000009'),
('RT00000000000011', 'AP00000000000002', 'AP00000000000005'),
('RT00000000000012', 'AP00000000000004', 'AP00000000000006'),
('RT00000000000013', 'AP00000000000003', 'AP00000000000009'),
('RT00000000000014', 'AP00000000000001', 'AP00000000000007'),
('RT00000000000015', 'AP00000000000008', 'AP00000000000010');